{
	"primaryLangId": "string",
	"reservationRequest": [{
		"roomStaysList": [{
			"guestCount": [{
					"ageQualifyingCode": "10",
					"count": "2"
				},
				{
					"ageQualifyingCode": "8",
					"count": "2"
				}
			],
			"hotelCode": "12287",
			"ratePlans": [{
				"ratePlanCode": "BBAR",
				"ratePlanID": ""
			}],
			"roomRates": [{
				"rateList": [{
					"dhBase": {
						"amountAfterTax": "5020.00",
						"currencyCode": "AED"
					}
				}]
			}],
			"roomTypeList": [{
				"numberOfUnits": 1,
				"roomTypeCode": "K1DAA"
			}],
			"specialRequest": [{
					"description": "Ocean View",
					"requestCode": "224"
				},
				{
					"description": "Minibar",
					"requestCode": "69"
				}
			],
			"timeSpan": {
				"end": "2019-07-01",
				"start": "2019-06-28"
			}
		}],
		"resGuests": [{
			"profileInfoList": [{
				"cutomers": [{
					"address": [{
						"addressLine": [
							"39 Chapel St."
						],
						"cityName": "Newton",
						"countryName": {
							"code": "US"
						},
						"postalCode": "02458",
						"remark": "Home address",
						"stateProv": {
							"stateCode": "MA"
						},
						"type": "1"
					}],
					"contactPerson": {

						"personName": {
							"givenName": [
								"Ravuth"
							],
							"surname": "Kumar"
						}

					},
					"custLoyalty": [{
						"effectiveDate": "2019-05-1",
						"expireDate": "2019-12-26",
						"loyalLevel": "3",
						"membershipID": "44444",
						"pinNumber": "password",
						"programID": "Program1",
						"signupDate": "2019-05-26"

					}],
					"email": [
						"abc@gmail.com"
					],
					"personName": [{
						"givenName": [
							"Deepak"
						],
						"middleName": [
							"Kumar"
						],
						"namePrefix": [
							"Mr."
						],
						"surname": "Sharma"
					}],
					"telephone": [{
						"phoneNumber": "1234567890",
						"phoneTechType": "1"

					}]
				}],
				"uniqueID": [{
					"id": "10107C000001",
					"idcontext": "CrsCustomerNumber",
					"type": "1"
				}],
				"userId": {
					"id": "customer@email.com",
					"pinNumber": "password"
				}
			}]
		}],
		"resGlobalInfo": {
			"comment": [{
				"text": "Please ensure that ice is provided in the room."
			}],
			"hotelResvId": [{
				"resIDSource": "10",
				"resIDType": "14",
				"resIDValue": "61028_EXAMPLE_000001"
			}],

			"paymentCards": [{
				"cardHolderName": "Deepak Kumar",
				"cardNumber": "4111111111111111",
				"expireDate": "0919",
				"seriesCode": "123"
			}],
			"profileInfo": [{
				"id": "1234567",
				"idcontext": "IATA",
				"type": "5"
			}]
		},
		"serviceDetails": [{
			"guestCount": [{
					"ageQualifyingCode": "10",
					"count": "2"
				},
				{
					"ageQualifyingCode": "8",
					"count": "2"
				}
			],
			"serviceInventoryCode": "LIMO",
			"startTimestamp": "2019-06-28"
		}]
	}]
}