{
	"primaryLangId": "en",
	"reservationRequest": [{
		"resGlobalInfo": {

			"paymentCards": [{
				"cardHolderName": "Deepak Kumar",
				"cardNumber": "4111111111111111",
				"expireDate": "0919",
				"seriesCode": "123"
			}],
			"comment": [{
            "text": "Sea face room"
          }]
		},
		"resGuests": [{
			"profileInfoList": [{
				"cutomers": [{
					"address": [{
						"countryName": {
							"code": "US"
						}
					}],
					"email": [
						"abc@gmail.com"
					],
					"personName": [{
						"givenName": [
							"Deepak"
						],
						"namePrefix": [
							"Mr."
						],
						"surname": ""
					}],
					"telephone": [{
						"phoneNumber": "1234567890"

					}]
				}]
			}]
		}],
		"roomStaysList": [{

			"hotelCode": "12287",
			"guestCount": [{
					"ageQualifyingCode": "10",
					"count": "2"
				},
				{
					"ageQualifyingCode": "8",
					"count": "2"
				}
			],


			"ratePlans": [{
				"ratePlanCode": "BBAR",
				"ratePlanID": ""
			}],
			"roomRates": [{
				"rateList": [{
					"dhBase": {
						"amountAfterTax": "5020.00",
						"currencyCode": "AED"
					}
				}]
			}],
			"roomTypeList": [{
				"numberOfUnits": 1,
				"roomTypeCode": "K1DAA"
			}],
			"specialRequest": [{
					"description": "Ocean View",
					"requestCode": "224"
				},
				{
					"description": "Minibar",
					"requestCode": "69"
				}
			],
			"timeSpan": {
				"end": "2019-07-01",
				"start": "2019-06-28"
			}
		}],
		"serviceDetails": [{
			"guestCount": [{
					"ageQualifyingCode": "10",
					"count": "2"
				},
				{
					"ageQualifyingCode": "8",
					"count": "2"
				}
			],
			"serviceInventoryCode": "LIMO",
			"startTimestamp": "2019-06-28"			
		}]
	}]
}