<?xml version="1.0" encoding="UTF-8" ?>
<Configuration packages="com.microsoft.applicationinsights.log4j.v2">
  <Properties>
    <Property name="LOG_PATTERN">
      %d{yyyy-MM-dd HH:mm:ss} - %-5p – Availability Service - %c{1}:%L - %X{request-Id} - %m%n
    </Property>
  </Properties>
  <Appenders>
    <Console name="Console" target="SYSTEM_OUT">
      <PatternLayout pattern="%d{yyyy-MM-dd HH:mm:ss} - %-5p – Availability Service - %c{1}:%L - %X{request-Id} - %m%n"/>
    </Console>
    <ApplicationInsightsAppender name="aiAppender">
    </ApplicationInsightsAppender>
  </Appenders>
  <Loggers>
    <Root level="info">
      <AppenderRef ref="Console"  />
      <AppenderRef ref="aiAppender"  />
    </Root>
  </Loggers>
</Configuration>